<?xml version="1.0" encoding="UTF-8"?>
<project-private xmlns="http://www.netbeans.org/ns/project-private/1">
    <editor-bookmarks xmlns="http://www.netbeans.org/ns/editor-bookmarks/2" lastBookmarkId="0"/>
    <open-files xmlns="http://www.netbeans.org/ns/projectui-open-files/2">
        <group>
            <file>file:/Users/csmith119/Desktop/ch05_ex2_email/web/index.jsp</file>
            <file>file:/Users/csmith119/Desktop/ch05_ex2_email/web/WEB-INF/web.xml</file>
            <file>file:/Users/csmith119/Desktop/ch05_ex2_email/src/java/murach/email/TestServlet.java</file>
            <file>file:/Users/csmith119/Desktop/ch05_ex2_email/src/java/murach/email/EmailListServlet.java</file>
        </group>
    </open-files>
</project-private>
